{"cameraMode":{"drawMode":0,"name":"Shaded","section":"Shading Mode"},"sceneLighting":true,"audioPlay":false,"sceneViewState":{"m_AlwaysRefresh":false,"showFog":true,"showSkybox":true,"showFlares":true,"showImageEffects":true,"showParticleSystems":true,"showVisualEffectGraphs":true,"m_FxEnabled":true},"in2DMode":false,"pivot":{"x":1131.9642333984375,"y":-153.9283905029297,"z":-179.62216186523438},"rotation":{"x":0.042050834745168689,"y":0.9395286440849304,"z":-0.12504664063453675,"w":0.3161725699901581},"size":383.94976806640627,"orthographic":false}